City ID,City,Country,Date,Lat,Lng,Max Temp,Humidity,Cloudiness,Wind Speed,Current Description,Rain inches (last 3hrs),Snow inches (last 3hrs)
0,Faanui,PF,2022-07-16 02:16:05,-16.4833,-151.75,76.41,71,10,23.67,light rain,0.0,0.0
1,Nishihara,JP,2022-07-16 02:16:05,26.1842,127.7558,87.85,81,100,12.66,overcast clouds,0.0,0.0
2,Albany,US,2022-07-16 02:16:05,42.6001,-73.9662,70.45,70,64,2.86,broken clouds,0.0,0.0
3,Cape Town,ZA,2022-07-16 02:16:06,-33.9258,18.4232,59.38,84,39,3.44,fog,0.0,0.0
4,Antofagasta,CL,2022-07-16 02:16:06,-23.65,-70.4,54.68,81,1,5.73,clear sky,0.0,0.0
5,Mataura,NZ,2022-07-16 02:16:06,-46.1927,168.8643,43.72,77,82,5.39,broken clouds,0.0,0.0
6,Itaobim,BR,2022-07-16 02:16:07,-16.5667,-41.8333,64.65,75,86,2.75,overcast clouds,0.0,0.0
7,Teguise,ES,2022-07-16 02:16:07,29.0605,-13.564,68.22,78,0,16.11,clear sky,0.0,0.0
8,Kajaani,FI,2022-07-16 02:16:07,64.2273,27.7285,55.45,88,0,2.3,clear sky,0.0,0.0
9,Severo-Kurilsk,RU,2022-07-16 02:16:08,50.6789,156.125,56.91,89,86,6.51,overcast clouds,0.0,0.0
10,Hobart,AU,2022-07-16 02:11:44,-42.8794,147.3294,52.27,78,100,6.91,light rain,0.0,0.0
11,Hermanus,ZA,2022-07-16 02:16:08,-34.4187,19.2345,52.81,74,80,8.1,broken clouds,0.0,0.0
12,Touros,BR,2022-07-16 02:11:44,-5.1989,-35.4608,73.89,90,4,12.5,clear sky,0.0,0.0
13,Puerto Ayora,EC,2022-07-16 02:15:38,-0.7393,-90.3518,69.55,93,99,5.01,overcast clouds,0.0,0.0
14,Ushuaia,AR,2022-07-16 02:11:24,-54.8,-68.3,37.06,52,20,16.11,few clouds,0.0,0.0
15,Rikitea,PF,2022-07-16 02:16:09,-23.1203,-134.9692,67.68,87,100,13.24,moderate rain,0.0,0.0
16,Khatanga,RU,2022-07-16 02:12:35,71.9667,102.5,62.92,44,97,4.29,overcast clouds,0.0,0.0
17,Boden,SE,2022-07-16 02:16:09,65.8252,21.6886,55.4,85,100,4.36,overcast clouds,0.0,0.0
18,Rancho Palos Verdes,US,2022-07-16 02:16:09,33.7445,-118.387,81.09,87,20,13.8,few clouds,0.0,0.0
19,Astorga,BR,2022-07-16 02:16:10,-23.2325,-51.6656,65.14,47,89,5.5,overcast clouds,0.0,0.0
20,Lompoc,US,2022-07-16 02:16:06,34.6391,-120.4579,66.58,80,0,12.66,clear sky,0.0,0.0
21,Woodward,US,2022-07-16 02:16:10,36.4337,-99.3904,92.43,27,0,12.66,clear sky,0.0,0.0
22,Punta Arenas,CL,2022-07-16 02:15:07,-53.15,-70.9167,24.91,93,40,11.5,scattered clouds,0.0,0.0
23,Shache,CN,2022-07-16 02:16:09,38.4167,77.2406,77.41,38,41,6.29,scattered clouds,0.0,0.0
24,Kichera,RU,2022-07-16 02:16:11,55.9375,110.0997,58.3,94,100,2.62,light rain,0.0,0.0
25,Duiwelskloof,ZA,2022-07-16 02:16:11,-23.6934,30.14,53.06,80,67,1.95,broken clouds,0.0,0.0
26,Bambous Virieux,MU,2022-07-16 02:16:11,-20.3428,57.7575,70.21,83,75,11.5,light rain,0.0,0.0
27,Polonnaruwa,LK,2022-07-16 02:16:12,7.9333,81.0,82.9,60,81,12.82,broken clouds,0.0,0.0
28,Clyde River,CA,2022-07-16 02:16:12,70.4692,-68.5914,50.23,53,0,13.8,clear sky,0.0,0.0
29,Thompson,CA,2022-07-16 02:14:47,55.7435,-97.8558,74.44,40,99,1.25,overcast clouds,0.0,0.0
30,Castro,BR,2022-07-16 02:16:12,-24.7911,-50.0119,61.21,66,100,5.03,overcast clouds,0.0,0.0
31,Campbell River,CA,2022-07-16 02:16:13,50.0163,-125.2446,64.45,82,75,11.5,broken clouds,0.0,0.0
32,Martapura,ID,2022-07-16 02:16:13,-3.4167,114.85,86.09,74,20,3.44,few clouds,0.0,0.0
33,Alta Floresta,BR,2022-07-16 02:16:13,-9.8756,-56.0861,80.24,43,73,2.28,broken clouds,0.0,0.0
34,Hamada,JP,2022-07-16 02:16:14,34.8833,132.0833,79.52,75,44,4.52,scattered clouds,0.0,0.0
35,Gladstone,AU,2022-07-16 02:16:14,-23.85,151.25,71.53,46,40,13.8,scattered clouds,0.0,0.0
36,Butaritari,KI,2022-07-16 02:16:14,3.0707,172.7902,80.19,83,100,14.88,moderate rain,0.0,0.0
37,Arraial Do Cabo,BR,2022-07-16 02:16:15,-22.9661,-42.0278,71.01,83,69,26.91,broken clouds,0.0,0.0
38,Hereford,GB,2022-07-16 02:16:15,52.0568,-2.7148,56.5,90,93,3.13,overcast clouds,0.0,0.0
39,Yaan,NG,2022-07-16 02:16:15,7.3833,8.5667,71.37,96,100,7.05,overcast clouds,0.0,0.0
40,Ilulissat,GL,2022-07-16 02:16:16,69.2167,-51.1,39.22,100,100,3.44,fog,0.0,0.0
41,Cabo San Lucas,MX,2022-07-16 02:16:16,22.8909,-109.9124,92.5,22,0,8.05,clear sky,0.0,0.0
42,Kirakira,SB,2022-07-16 02:16:16,-10.4544,161.9205,84.33,70,96,12.26,overcast clouds,0.0,0.0
43,Yar-Sale,RU,2022-07-16 02:16:16,66.8333,70.8333,61.74,53,9,8.99,clear sky,0.0,0.0
44,Mumford,GH,2022-07-16 02:16:17,5.2618,-0.759,74.75,90,100,11.41,light rain,0.0,0.0
45,Hithadhoo,MV,2022-07-16 02:16:17,-0.6,73.0833,83.17,75,64,13.58,broken clouds,0.0,0.0
46,Panzhihua,CN,2022-07-16 02:16:17,26.5851,101.7128,84.43,58,94,0.69,overcast clouds,0.0,0.0
47,Quime,BO,2022-07-16 02:16:18,-16.9833,-67.2167,46.96,57,100,1.61,overcast clouds,0.0,0.0
48,Alexandria,EG,2022-07-16 02:16:18,31.2156,29.9553,75.83,73,0,12.12,clear sky,0.0,0.0
49,Vaini,TO,2022-07-16 02:11:25,-21.2,-175.2,80.76,89,20,9.22,few clouds,0.0,0.0
50,Gizo,SB,2022-07-16 02:16:18,-8.103,156.8419,82.69,76,76,15.23,light rain,0.0,0.0
51,Ribera,IT,2022-07-16 02:16:19,37.4984,13.2642,75.65,46,0,3.8,clear sky,0.0,0.0
52,Bredasdorp,ZA,2022-07-16 02:16:19,-34.5322,20.0403,50.32,88,95,4.14,overcast clouds,0.0,0.0
53,Mar Del Plata,AR,2022-07-16 02:16:19,-38.0023,-57.5575,50.88,96,100,13.8,light intensity drizzle,0.0,0.0
54,Bethel,US,2022-07-16 02:16:20,41.3712,-73.414,71.96,75,21,2.68,few clouds,0.0,0.0
55,Bluff,NZ,2022-07-16 02:16:20,-46.6,168.3333,47.26,75,95,22.93,overcast clouds,0.0,0.0
56,Hilo,US,2022-07-16 02:16:20,19.7297,-155.09,91.27,92,100,8.05,light rain,0.0,0.0
57,East London,ZA,2022-07-16 02:13:39,-33.0153,27.9116,58.05,71,55,9.37,broken clouds,0.0,0.0
58,Portland,US,2022-07-16 02:14:29,45.5234,-122.6762,84.99,42,20,8.05,few clouds,0.0,0.0
59,Tazovskiy,RU,2022-07-16 02:16:21,67.4667,78.7,57.43,61,8,10.65,clear sky,0.0,0.0
60,Wuwei,CN,2022-07-16 02:16:21,37.9281,102.6414,65.68,58,100,6.98,overcast clouds,0.0,0.0
61,Busselton,AU,2022-07-16 02:16:22,-33.65,115.3333,59.36,69,100,6.13,overcast clouds,0.0,0.0
62,Port Macquarie,AU,2022-07-16 02:15:46,-31.4333,152.9167,64.89,53,100,7.09,overcast clouds,0.0,0.0
63,Torbay,CA,2022-07-16 02:16:22,47.6666,-52.7314,62.89,93,75,10.36,broken clouds,0.0,0.0
64,Oussouye,SN,2022-07-16 02:16:23,12.485,-16.5469,79.43,84,86,8.14,overcast clouds,0.0,0.0
65,Lagoa,PT,2022-07-16 02:16:23,39.05,-27.9833,68.79,92,0,12.21,clear sky,0.0,0.0
66,Avarua,CK,2022-07-16 02:12:28,-21.2078,-159.775,77.05,65,75,16.11,light rain,0.0,0.0
67,Sunrise Manor,US,2022-07-16 02:16:23,36.2111,-115.0731,105.89,19,0,10.36,thunderstorm,0.0,0.0
68,Chodavaram,IN,2022-07-16 02:16:24,17.8333,82.95,80.44,94,100,3.6,overcast clouds,0.0,0.0
69,Hvide Sande,DK,2022-07-16 02:16:24,56.0045,8.1294,53.1,71,27,25.97,scattered clouds,0.0,0.0
70,Sao Filipe,CV,2022-07-16 02:16:24,14.8961,-24.4956,74.43,83,100,5.03,overcast clouds,0.0,0.0
71,San Cristobal,VE,2022-07-16 02:16:25,7.7669,-72.225,71.78,98,41,2.48,scattered clouds,0.0,0.0
72,Jamestown,US,2022-07-16 02:13:20,42.097,-79.2353,63.99,68,100,1.25,overcast clouds,0.0,0.0
73,Santa Maria Da Vitoria,BR,2022-07-16 02:16:25,-13.3947,-44.1886,67.42,48,5,3.09,clear sky,0.0,0.0
74,Alice Springs,AU,2022-07-16 02:16:25,-23.7,133.8833,65.75,14,0,4.61,clear sky,0.0,0.0
75,Tuktoyaktuk,CA,2022-07-16 02:11:26,69.4541,-133.0374,40.93,70,17,6.51,few clouds,0.0,0.0
76,Bodden Town,KY,2022-07-16 02:16:26,19.2833,-81.25,82.99,77,0,3.44,clear sky,0.0,0.0
77,Lac Du Bonnet,CA,2022-07-16 02:16:26,50.2536,-96.0612,67.59,68,0,3.8,clear sky,0.0,0.0
78,Lisieux,FR,2022-07-16 02:16:26,49.1667,0.1667,55.13,63,9,3.85,clear sky,0.0,0.0
79,Naze,JP,2022-07-16 02:16:27,28.3667,129.4833,86.92,82,100,14.9,overcast clouds,0.0,0.0
80,Gornopravdinsk,RU,2022-07-16 02:16:27,60.05,69.9,64.35,93,97,2.24,overcast clouds,0.0,0.0
81,Dikson,RU,2022-07-16 02:16:27,73.5069,80.5464,43.61,81,16,11.21,few clouds,0.0,0.0
82,Qaanaaq,GL,2022-07-16 02:15:20,77.484,-69.3632,51.3,60,76,8.3,broken clouds,0.0,0.0
83,Leningradskiy,RU,2022-07-16 02:16:28,69.3833,178.4167,44.69,66,100,8.48,overcast clouds,0.0,0.0
84,Sao Jose Da Coroa Grande,BR,2022-07-16 02:16:28,-8.8978,-35.1478,73.85,87,24,8.86,few clouds,0.0,0.0
85,Klaksvik,FO,2022-07-16 02:16:28,62.2266,-6.589,49.12,76,98,6.89,overcast clouds,0.0,0.0
86,Musoma,TZ,2022-07-16 02:16:29,-1.5,33.8,70.21,61,88,8.48,overcast clouds,0.0,0.0
87,Acajutla,SV,2022-07-16 02:16:29,13.5928,-89.8275,80.22,80,91,1.9,overcast clouds,0.0,0.0
88,Roebourne,AU,2022-07-16 02:16:30,-20.7833,117.1333,70.79,24,0,15.59,clear sky,0.0,0.0
89,Geraldton,AU,2022-07-16 02:16:30,-28.7667,114.6,61.21,82,0,11.5,clear sky,0.0,0.0
90,Carnarvon,AU,2022-07-16 02:16:30,-24.8667,113.6333,69.31,44,1,10.83,clear sky,0.0,0.0
91,Storforshei,NO,2022-07-16 02:16:31,66.4043,14.5233,48.65,87,100,3.44,overcast clouds,0.0,0.0
92,Saldanha,ZA,2022-07-16 02:12:33,-33.0117,17.9442,57.65,68,9,6.06,clear sky,0.0,0.0
93,Terrace,CA,2022-07-16 02:15:18,54.5163,-128.6035,57.11,94,100,16.11,light rain,0.0,0.0
94,New Norfolk,AU,2022-07-16 02:16:31,-42.7826,147.0587,51.93,80,100,1.01,overcast clouds,0.0,0.0
95,San Patricio,US,2022-07-16 02:16:31,28.017,-97.5169,85.84,65,36,12.91,scattered clouds,0.0,0.0
96,Stavyshche,UA,2022-07-16 02:16:32,50.4,29.5333,51.94,86,5,4.54,clear sky,0.0,0.0
97,Kodiak,US,2022-07-16 02:14:54,57.79,-152.4072,63.91,68,100,3.44,overcast clouds,0.0,0.0
98,Mangrol,IN,2022-07-16 02:16:32,21.1167,70.1167,81.52,88,96,25.84,overcast clouds,0.0,0.0
99,Tasiilaq,GL,2022-07-16 02:16:32,65.6145,-37.6368,48.36,75,100,4.94,overcast clouds,0.0,0.0
100,Severodvinsk,RU,2022-07-16 02:16:33,64.5635,39.8302,59.11,98,100,5.03,overcast clouds,0.0,0.0
101,Korla,CN,2022-07-16 02:16:33,41.7597,86.1469,73.94,47,100,7.85,overcast clouds,0.0,0.0
102,Kologriv,RU,2022-07-16 02:16:33,58.8275,44.3178,54.63,95,0,4.7,clear sky,0.0,0.0
103,Yellowknife,CA,2022-07-16 02:12:34,62.456,-114.3525,64.09,54,56,9.42,broken clouds,0.0,0.0
104,Grand-Bourg,GP,2022-07-16 02:16:34,15.8835,-61.3148,80.55,80,8,20.83,clear sky,0.0,0.0
105,Fairhope,US,2022-07-16 02:16:34,30.523,-87.9033,78.67,79,0,4.61,clear sky,0.0,0.0
106,Shitanjing,CN,2022-07-16 02:16:34,39.2342,106.3439,75.04,33,70,7.02,broken clouds,0.0,0.0
107,Kaitangata,NZ,2022-07-16 02:16:35,-46.2817,169.8464,46.74,63,31,11.63,scattered clouds,0.0,0.0
108,Mahebourg,MU,2022-07-16 02:16:35,-20.4081,57.7,70.25,83,75,11.5,broken clouds,0.0,0.0
109,Cayenne,GF,2022-07-16 02:13:46,4.9333,-52.3333,76.08,1,100,1.14,mist,0.0,0.0
110,Gavardo,IT,2022-07-16 02:16:35,45.5894,10.4426,75.83,61,0,3.44,clear sky,0.0,0.0
111,Cananeia,BR,2022-07-16 02:16:36,-25.0147,-47.9267,68.16,79,100,4.03,overcast clouds,0.0,0.0
112,Ribeira Grande,PT,2022-07-16 02:16:36,38.5167,-28.7,69.66,90,4,7.56,clear sky,0.0,0.0
113,San-Pedro,CI,2022-07-16 02:16:36,4.7485,-6.6363,73.74,93,100,7.49,light rain,0.0,0.0
114,Marsh Harbour,BS,2022-07-16 02:16:37,26.5412,-77.0636,81.48,74,90,15.12,overcast clouds,0.0,0.0
115,Makat,KZ,2022-07-16 02:16:37,47.6469,53.3463,77.88,35,0,7.87,clear sky,0.0,0.0
116,Bonthe,SL,2022-07-16 02:16:37,7.5264,-12.505,76.1,87,100,7.07,light rain,0.0,0.0
117,Ust-Kuyga,RU,2022-07-16 02:16:38,70.0167,135.6,56.5,57,80,9.31,broken clouds,0.0,0.0
118,Saint George,US,2022-07-16 02:16:17,37.1041,-113.5841,103.42,19,0,8.05,clear sky,0.0,0.0
119,Sackville,CA,2022-07-16 02:15:19,45.9188,-64.3846,64.87,79,33,6.08,scattered clouds,0.0,0.0
120,Izmaylovo,RU,2022-07-16 02:16:38,53.7211,47.2458,58.84,86,0,5.06,clear sky,0.0,0.0
121,Cobija,BO,2022-07-16 02:13:53,-11.0267,-68.7692,76.95,69,92,2.93,overcast clouds,0.0,0.0
122,Pauini,BR,2022-07-16 02:16:39,-7.7136,-66.9764,78.98,72,98,1.34,overcast clouds,0.0,0.0
123,Esperance,AU,2022-07-16 02:16:39,-33.8667,121.9,59.63,71,100,12.59,overcast clouds,0.0,0.0
124,Semnan,IR,2022-07-16 02:16:39,35.5729,53.3971,80.44,22,0,2.3,clear sky,0.0,0.0
125,Shirakamut,AM,2022-07-16 02:16:40,40.8606,44.1528,57.52,84,0,4.16,clear sky,0.0,0.0
126,Harper,LR,2022-07-16 02:16:40,4.375,-7.7169,74.19,87,100,9.71,light rain,0.0,0.0
127,Bud,US,2022-07-16 02:16:40,39.447,-86.1758,74.05,89,100,6.31,overcast clouds,0.0,0.0
128,Semirom,IR,2022-07-16 02:16:40,31.4167,51.5667,57.25,25,0,5.08,clear sky,0.0,0.0
129,Caravelas,BR,2022-07-16 02:16:41,-17.7125,-39.2481,70.16,82,82,5.28,broken clouds,0.0,0.0
130,Norman Wells,CA,2022-07-16 02:16:41,65.282,-126.8329,59.04,67,75,8.05,broken clouds,0.0,0.0
131,Mahibadhoo,MV,2022-07-16 02:16:41,3.7833,72.9667,82.6,75,10,9.31,clear sky,0.0,0.0
132,Tuatapere,NZ,2022-07-16 02:16:42,-46.1333,167.6833,46.74,72,46,7.09,scattered clouds,0.0,0.0
133,Karratha,AU,2022-07-16 02:16:42,-20.7377,116.8463,71.26,24,2,15.61,clear sky,0.0,0.0
134,Hobyo,SO,2022-07-16 02:16:42,5.3505,48.5268,76.42,77,100,22.53,overcast clouds,0.0,0.0
135,Yanam,IN,2022-07-16 02:16:43,16.7333,82.2167,79.34,85,100,7.31,overcast clouds,0.0,0.0
136,Brae,GB,2022-07-16 02:16:43,60.3964,-1.353,48.51,80,10,5.66,clear sky,0.0,0.0
137,Padang,ID,2022-07-16 02:16:43,-0.9492,100.3543,84.25,74,93,1.23,overcast clouds,0.0,0.0
138,Chokurdakh,RU,2022-07-16 02:16:44,70.6333,147.9167,47.23,78,100,13.09,overcast clouds,0.0,0.0
139,Chuy,UY,2022-07-16 02:16:02,-33.6971,-53.4616,58.1,99,94,3.98,overcast clouds,0.0,0.0
140,Luau,AO,2022-07-16 02:16:44,-10.7073,22.2247,59.34,51,5,4.52,clear sky,0.0,0.0
141,Belmonte,BR,2022-07-16 02:16:44,-15.8631,-38.8828,71.78,83,72,6.35,broken clouds,0.0,0.0
142,Santa Cruz Del Sur,CU,2022-07-16 02:16:45,20.7147,-77.9956,78.46,83,100,8.1,overcast clouds,0.0,0.0
143,Pemangkat,ID,2022-07-16 02:16:45,1.1667,108.9667,83.03,72,57,4.83,broken clouds,0.0,0.0
144,Mansfield,GB,2022-07-16 02:16:45,53.1333,-1.2,55.44,88,20,3.8,few clouds,0.0,0.0
145,Port Elizabeth,ZA,2022-07-16 02:16:05,-33.918,25.5701,48.49,100,0,4.61,clear sky,0.0,0.0
146,Celestun,MX,2022-07-16 02:16:46,20.8667,-90.4,80.92,78,9,18.61,clear sky,0.0,0.0
147,Lavrentiya,RU,2022-07-16 02:16:04,65.5833,-171.0,48.25,60,3,6.85,clear sky,0.0,0.0
148,Kaka,TM,2022-07-16 02:16:46,37.3482,59.6143,85.39,12,0,6.13,clear sky,0.0,0.0
149,Steinbach,DE,2022-07-16 02:16:46,50.1667,8.5667,58.39,76,0,2.3,clear sky,0.0,0.0
150,Oktyabrskiy,RU,2022-07-16 02:16:47,54.4815,53.471,62.49,91,1,9.35,clear sky,0.0,0.0
151,Port Alfred,ZA,2022-07-16 02:16:47,-33.5906,26.891,58.26,74,100,9.42,overcast clouds,0.0,0.0
152,Caxito,AO,2022-07-16 02:16:47,-8.5785,13.6643,65.41,98,19,2.39,few clouds,0.0,0.0
153,Osa,RU,2022-07-16 02:16:48,57.2829,55.4567,60.06,93,100,3.31,overcast clouds,0.0,0.0
154,Kindu,CD,2022-07-16 02:16:48,-2.95,25.95,70.48,78,42,1.59,scattered clouds,0.0,0.0
155,Beringovskiy,RU,2022-07-16 02:12:17,63.05,179.3167,46.36,73,94,4.45,overcast clouds,0.0,0.0
156,Atuona,PF,2022-07-16 02:15:20,-9.8,-139.0333,77.2,74,4,12.46,clear sky,0.0,0.0
157,Zhigansk,RU,2022-07-16 02:16:48,66.7697,123.3711,59.85,52,8,19.28,clear sky,0.0,0.0
158,Sangar,RU,2022-07-16 02:16:49,63.9242,127.4739,75.22,65,92,4.21,overcast clouds,0.0,0.0
159,Barrow,US,2022-07-16 02:12:35,71.2906,-156.7887,37.42,87,100,10.36,overcast clouds,0.0,0.0
160,Komsomolskiy,UZ,2022-07-16 02:16:49,40.4272,71.7189,84.92,28,0,2.3,clear sky,0.0,0.0
161,Vardo,NO,2022-07-16 02:16:49,70.3705,31.1107,53.58,82,75,23.02,broken clouds,0.0,0.0
162,Redmond,US,2022-07-16 02:15:18,47.674,-122.1215,78.37,59,14,5.99,few clouds,0.0,0.0
163,Omboue,GA,2022-07-16 02:16:50,-1.5746,9.2618,72.32,84,88,4.61,overcast clouds,0.0,0.0
164,Buchanan,LR,2022-07-16 02:16:50,5.8808,-10.0467,74.71,90,100,7.23,light rain,0.0,0.0
165,Karasjok,NO,2022-07-16 02:16:50,69.4719,25.5112,54.21,91,100,12.5,overcast clouds,0.0,0.0
166,Victoria,HK,2022-07-16 02:14:29,22.2855,114.1577,91.18,80,94,8.99,overcast clouds,0.0,0.0
167,Husavik,IS,2022-07-16 02:16:51,66.0449,-17.3389,50.54,75,100,5.3,overcast clouds,0.0,0.0
168,Fairbanks,US,2022-07-16 02:16:51,64.8378,-147.7164,64.6,74,100,5.75,light rain,0.0,0.0
169,Presidente Medici,BR,2022-07-16 02:16:52,-11.1753,-61.9014,79.99,54,100,2.1,overcast clouds,0.0,0.0
170,Vila Velha,BR,2022-07-16 02:13:25,-20.3297,-40.2925,69.75,91,0,4.61,clear sky,0.0,0.0
171,Takoradi,GH,2022-07-16 02:16:52,4.8845,-1.7554,75.07,89,100,10.65,light rain,0.0,0.0
172,Ahipara,NZ,2022-07-16 02:16:52,-35.1667,173.1667,55.45,74,12,9.75,few clouds,0.0,0.0
173,Almaznyy,RU,2022-07-16 02:16:53,48.0448,40.045,64.67,52,2,1.66,clear sky,0.0,0.0
174,Wladyslawowo,PL,2022-07-16 02:16:53,54.7909,18.4009,56.01,85,72,13.91,broken clouds,0.0,0.0
175,Vostok,RU,2022-07-16 02:16:53,46.4856,135.8833,70.07,63,100,5.7,moderate rain,0.0,0.0
176,Santa Clara,CU,2022-07-16 02:15:32,22.4,-79.9667,74.86,100,75,1.14,broken clouds,0.0,0.0
177,Souillac,MU,2022-07-16 02:16:54,-20.5167,57.5167,68.38,83,75,11.5,light rain,0.0,0.0
178,Bereznik,RU,2022-07-16 02:16:54,62.8551,42.7072,57.7,98,60,4.88,broken clouds,0.0,0.0
179,Tessalit,ML,2022-07-16 02:16:54,20.1986,1.0114,91.87,25,35,7.31,scattered clouds,0.0,0.0
180,Quatre Cocos,MU,2022-07-16 02:13:43,-20.2078,57.7625,70.09,76,97,16.67,light rain,0.0,0.0
181,Salalah,OM,2022-07-16 02:16:55,17.0151,54.0924,77.25,96,100,8.72,light rain,0.0,0.0
182,Calabar,NG,2022-07-16 02:16:55,4.9517,8.322,72.5,95,100,1.77,light rain,0.0,0.0
183,Bilma,NE,2022-07-16 02:14:52,18.6853,12.9164,82.9,52,85,2.53,overcast clouds,0.0,0.0
184,Luderitz,NA,2022-07-16 02:16:55,-26.6481,15.1594,69.24,27,0,8.77,clear sky,0.0,0.0
185,Sorland,NO,2022-07-16 02:16:56,67.667,12.6934,49.86,84,100,10.58,overcast clouds,0.0,0.0
186,Kununurra,AU,2022-07-16 02:16:56,-15.7667,128.7333,75.18,29,7,9.22,clear sky,0.0,0.0
187,Margate,GB,2022-07-16 02:16:56,51.3813,1.3862,63.3,76,12,1.01,few clouds,0.0,0.0
188,Trinidad,BO,2022-07-16 02:16:57,-14.8333,-64.9,82.63,57,100,5.73,overcast clouds,0.0,0.0
189,Nuuk,GL,2022-07-16 02:16:57,64.1835,-51.7216,38.01,100,100,13.8,mist,0.0,0.0
190,Preston,GB,2022-07-16 02:16:57,53.7667,-2.7167,57.67,92,82,4.47,broken clouds,0.0,0.0
191,Phan Thiet,VN,2022-07-16 02:14:00,10.9333,108.1,85.39,66,17,8.3,few clouds,0.0,0.0
192,Matamoros,MX,2022-07-16 02:16:58,25.5333,-103.25,89.71,27,75,18.41,dust,0.0,0.0
193,Bentiu,SS,2022-07-16 02:16:58,9.2333,29.8333,68.92,90,32,0.25,scattered clouds,0.0,0.0
194,Pisco,PE,2022-07-16 02:16:58,-13.7,-76.2167,60.03,82,31,4.61,smoke,0.0,0.0
195,Burley,US,2022-07-16 02:16:59,42.5357,-113.7928,92.28,30,0,8.05,clear sky,0.0,0.0
196,Jiuquan,CN,2022-07-16 02:16:59,39.7432,98.5174,75.18,34,100,3.33,overcast clouds,0.0,0.0
197,Korem,ET,2022-07-16 02:16:59,12.5058,39.5228,57.27,80,100,8.95,overcast clouds,0.0,0.0
198,Ostrovnoy,RU,2022-07-16 02:16:59,68.0531,39.5131,51.48,98,100,7.31,light rain,0.0,0.0
199,Rocha,UY,2022-07-16 02:17:00,-34.4833,-54.3333,54.95,99,100,4.5,overcast clouds,0.0,0.0
200,Maluso,PH,2022-07-16 02:17:00,6.543,121.8753,84.29,73,35,4.29,heavy intensity rain,0.0,0.0
201,Camargo,MX,2022-07-16 02:17:00,27.6667,-105.1667,84.94,30,58,20.49,broken clouds,0.0,0.0
202,Mossendjo,CG,2022-07-16 02:17:01,-2.9506,12.7261,63.73,99,51,3.36,broken clouds,0.0,0.0
203,Seoul,KR,2022-07-16 02:17:01,37.5683,126.9778,81.97,65,75,8.05,broken clouds,0.0,0.0
204,Kitros,GR,2022-07-16 02:17:01,40.3756,22.5783,77.95,69,0,3.85,clear sky,0.0,0.0
205,Havre-Saint-Pierre,CA,2022-07-16 02:17:02,50.2334,-63.5986,55.76,94,75,2.3,broken clouds,0.0,0.0
206,Tobermory,CA,2022-07-16 02:17:02,45.2501,-81.6665,63.77,68,100,7.9,overcast clouds,0.0,0.0
207,Kapaa,US,2022-07-16 02:17:02,22.0752,-159.319,84.18,69,0,14.97,clear sky,0.0,0.0
208,Airai,TL,2022-07-16 02:17:03,-8.9266,125.4092,67.35,54,100,2.91,overcast clouds,0.0,0.0
209,Cauquenes,CL,2022-07-16 02:17:03,-35.9671,-72.3225,40.26,96,100,3.38,overcast clouds,0.0,0.0
210,Shubarshi,KZ,2022-07-16 02:17:03,48.5872,57.1869,73.2,44,0,7.23,clear sky,0.0,0.0
211,Hanmer Springs,NZ,2022-07-16 02:17:04,-42.5167,172.8167,43.29,72,29,1.34,scattered clouds,0.0,0.0
212,Buala,SB,2022-07-16 02:14:51,-8.145,159.5921,85.17,65,79,8.16,broken clouds,0.0,0.0
213,Ixtapa,MX,2022-07-16 02:17:04,20.7,-105.2,85.23,70,75,8.05,broken clouds,0.0,0.0
214,Khrebtovaya,RU,2022-07-16 02:12:15,56.7032,104.2494,50.49,99,100,4.36,moderate rain,0.0,0.0
215,Bolivar,US,2022-07-16 02:17:05,37.6145,-93.4105,88.75,55,0,7.9,clear sky,0.0,0.0
216,Sur,OM,2022-07-16 02:17:05,22.5667,59.5289,85.5,78,100,7.18,overcast clouds,0.0,0.0
217,Da Nang,VN,2022-07-16 02:13:17,16.0678,108.2208,87.78,70,0,4.61,clear sky,0.0,0.0
218,Beira,MZ,2022-07-16 02:17:06,-19.8436,34.8389,63.72,85,2,10.58,light rain,0.0,0.0
219,Senanga,ZM,2022-07-16 02:17:06,-16.1167,23.2667,50.95,51,0,5.93,clear sky,0.0,0.0
220,Plock,PL,2022-07-16 02:17:06,52.5468,19.7064,51.98,67,97,6.06,overcast clouds,0.0,0.0
221,Joshimath,IN,2022-07-16 02:17:07,30.5667,79.5667,76.42,61,20,1.59,few clouds,0.0,0.0
222,Provideniya,RU,2022-07-16 02:17:07,64.3833,-173.3,50.52,60,45,6.62,scattered clouds,0.0,0.0
223,Cherskiy,RU,2022-07-16 02:17:07,68.75,161.3,66.51,43,100,12.77,overcast clouds,0.0,0.0
224,Koumac,NC,2022-07-16 02:17:08,-20.5667,164.2833,73.51,51,0,18.63,clear sky,0.0,0.0
225,Flinders,AU,2022-07-16 02:17:08,-34.5833,150.8552,62.38,53,100,4.0,overcast clouds,0.0,0.0
226,Lais,PH,2022-07-16 02:17:08,6.3328,125.6464,83.08,77,97,3.31,moderate rain,0.0,0.0
227,Lorengau,PG,2022-07-16 02:17:09,-2.0226,147.2712,83.73,70,68,12.97,broken clouds,0.0,0.0
228,Nacala,MZ,2022-07-16 02:17:09,-14.5428,40.6728,62.82,84,29,8.08,scattered clouds,0.0,0.0
229,Cidreira,BR,2022-07-16 02:17:09,-30.1811,-50.2056,62.98,95,100,5.88,overcast clouds,0.0,0.0
230,General Roca,AR,2022-07-16 02:17:04,-39.0333,-67.5833,38.62,75,100,8.52,overcast clouds,0.0,0.0
231,Champerico,GT,2022-07-16 02:17:10,14.3,-91.9167,75.36,92,100,13.2,overcast clouds,0.0,0.0
232,Chernyshevskiy,RU,2022-07-16 02:17:10,63.0128,112.4714,57.76,98,100,6.26,moderate rain,0.0,0.0
233,Balkanabat,TM,2022-07-16 02:17:10,39.5108,54.3671,81.37,60,0,8.23,clear sky,0.0,0.0
234,Hambantota,LK,2022-07-16 02:17:10,6.1241,81.1185,80.55,76,100,16.42,overcast clouds,0.0,0.0
235,Petropavlovsk-Kamchatskiy,RU,2022-07-16 02:14:29,53.0452,158.6483,72.19,64,20,17.9,few clouds,0.0,0.0
236,Cabo Rojo,PR,2022-07-16 02:17:11,18.0866,-67.1457,81.68,89,6,13.09,clear sky,0.0,0.0
237,Kuruman,ZA,2022-07-16 02:17:11,-27.4524,23.4325,48.81,39,6,6.49,clear sky,0.0,0.0
238,Terney,RU,2022-07-16 02:17:11,45.0503,136.6092,59.63,96,100,14.23,moderate rain,0.0,0.0
239,Yulara,AU,2022-07-16 02:17:12,-25.2406,130.9889,62.37,16,0,3.51,clear sky,0.0,0.0
240,Jacmel,HT,2022-07-16 02:17:12,18.2342,-72.5347,84.04,80,40,2.37,scattered clouds,0.0,0.0
241,Guiratinga,BR,2022-07-16 02:17:12,-16.3494,-53.7583,72.19,46,91,2.3,overcast clouds,0.0,0.0
242,Ust-Maya,RU,2022-07-16 02:17:13,60.4167,134.5333,85.14,51,5,2.82,clear sky,0.0,0.0
243,Chunoyar,RU,2022-07-16 02:17:13,57.4467,97.3217,64.99,53,62,3.49,broken clouds,0.0,0.0
244,Saskylakh,RU,2022-07-16 02:17:13,71.9167,114.0833,59.36,49,24,0.81,few clouds,0.0,0.0
245,Arlit,NE,2022-07-16 02:17:14,18.7369,7.3853,85.1,51,54,24.56,broken clouds,0.0,0.0
246,Tari,NG,2022-07-16 02:17:14,12.4086,4.4914,75.74,81,100,7.18,light rain,0.0,0.0
247,Fort Nelson,CA,2022-07-16 02:17:14,58.8053,-122.7002,76.59,31,75,2.3,broken clouds,0.0,0.0
248,Leku,ET,2022-07-16 02:17:15,6.8667,38.45,58.01,97,99,3.56,light rain,0.0,0.0
249,Vao,NC,2022-07-16 02:17:15,-22.6667,167.4833,68.68,55,0,18.79,clear sky,0.0,0.0
250,Tautira,PF,2022-07-16 02:17:15,-17.7333,-149.15,75.7,67,62,23.44,broken clouds,0.0,0.0
251,Tura,IN,2022-07-16 02:17:15,25.5198,90.2201,80.64,84,6,4.83,clear sky,0.0,0.0
252,Poronaysk,RU,2022-07-16 02:17:16,49.2167,143.1167,59.07,74,76,8.9,broken clouds,0.0,0.0
253,Coquimbo,CL,2022-07-16 02:17:16,-29.9533,-71.3436,47.93,93,75,6.91,broken clouds,0.0,0.0
254,Kawalu,ID,2022-07-16 02:17:16,-7.3817,108.2082,75.61,92,88,2.82,overcast clouds,0.0,0.0
255,Gweta,BW,2022-07-16 02:17:17,-20.1833,25.2333,54.61,53,0,11.21,clear sky,0.0,0.0
256,Chebsara,RU,2022-07-16 02:17:17,59.2002,38.8356,50.94,98,17,5.66,few clouds,0.0,0.0
257,Nouadhibou,MR,2022-07-16 02:17:17,20.931,-17.0347,68.41,88,2,18.92,clear sky,0.0,0.0
258,Kaeo,NZ,2022-07-16 02:14:56,-35.1,173.7833,59.32,78,6,8.1,light rain,0.0,0.0
259,Pevek,RU,2022-07-16 02:17:18,69.7008,170.3133,38.68,66,87,4.92,overcast clouds,0.0,0.0
260,Paramonga,PE,2022-07-16 02:17:18,-10.6667,-77.8333,60.62,86,31,11.77,scattered clouds,0.0,0.0
261,Rio Gallegos,AR,2022-07-16 02:15:42,-51.6226,-69.2181,28.45,86,20,16.11,few clouds,0.0,0.0
262,Wum,CM,2022-07-16 02:17:19,6.3833,10.0667,64.26,97,100,1.99,overcast clouds,0.0,0.0
263,Port Blair,IN,2022-07-16 02:17:19,11.6667,92.75,82.27,80,99,12.73,overcast clouds,0.0,0.0
264,Kruisfontein,ZA,2022-07-16 02:17:19,-34.0033,24.7314,53.51,68,100,6.15,overcast clouds,0.0,0.0
265,Arman,RU,2022-07-16 02:17:19,59.7,150.1667,62.96,79,100,5.59,overcast clouds,0.0,0.0
266,Luganville,VU,2022-07-16 02:17:20,-15.5333,167.1667,78.69,82,37,13.09,scattered clouds,0.0,0.0
267,Cockburn Town,TC,2022-07-16 02:17:20,21.4612,-71.1419,81.68,87,84,20.98,broken clouds,0.0,0.0
268,Minatitlan,MX,2022-07-16 02:17:20,17.9833,-94.5167,77.43,90,86,6.51,overcast clouds,0.0,0.0
269,Inza,RU,2022-07-16 02:17:21,53.8533,46.3586,58.41,85,2,4.07,clear sky,0.0,0.0
270,Sainte-Anne-Des-Monts,CA,2022-07-16 02:17:21,49.124,-66.4924,66.07,63,43,19.57,scattered clouds,0.0,0.0
271,Leh,IN,2022-07-16 02:16:07,34.1667,77.5833,55.98,63,96,5.41,overcast clouds,0.0,0.0
272,Santiago,CL,2022-07-16 02:13:26,-33.4569,-70.6483,43.54,75,75,6.91,moderate rain,0.0,0.0
273,Lokomotivnyy,RU,2022-07-16 02:17:22,53.0118,60.5684,62.38,83,0,15.08,clear sky,0.0,0.0
274,Laela,TZ,2022-07-16 02:17:22,-8.5667,32.05,52.7,91,31,4.03,scattered clouds,0.0,0.0
275,Katobu,ID,2022-07-16 02:17:22,-4.9408,122.5276,83.44,60,100,7.85,overcast clouds,0.0,0.0
276,Mehamn,NO,2022-07-16 02:17:23,71.0357,27.8492,53.55,87,20,4.61,few clouds,0.0,0.0
277,Thunder Bay,CA,2022-07-16 02:17:17,48.4001,-89.3168,67.98,82,20,6.91,few clouds,0.0,0.0
278,Hasaki,JP,2022-07-16 02:17:23,35.7333,140.8333,77.4,89,100,8.32,light rain,0.0,0.0
279,Chastyye,RU,2022-07-16 02:17:23,57.2888,54.9728,60.21,92,47,4.54,scattered clouds,0.0,0.0
280,Soyo,AO,2022-07-16 02:17:24,-6.1349,12.3689,69.03,95,18,7.43,few clouds,0.0,0.0
281,Saint-Philippe,RE,2022-07-16 02:17:24,-21.3585,55.7679,65.79,86,58,11.48,light rain,0.0,0.0
282,Longyearbyen,SJ,2022-07-16 02:17:24,78.2186,15.6401,51.64,71,75,19.57,broken clouds,0.0,0.0
283,Savannah Bight,HN,2022-07-16 02:17:24,16.45,-85.85,81.77,81,100,18.97,overcast clouds,0.0,0.0
284,El Sauzal,MX,2022-07-16 02:17:25,31.9,-116.6833,68.41,77,39,4.29,scattered clouds,0.0,0.0
285,Sisimiut,GL,2022-07-16 02:17:25,66.9395,-53.6735,39.97,90,100,11.63,overcast clouds,0.0,0.0
286,Lujan,AR,2022-07-16 02:17:25,-34.5703,-59.105,51.51,87,17,7.47,few clouds,0.0,0.0
287,Jiazi,CN,2022-07-16 02:17:26,22.8779,116.067,86.56,76,100,16.44,overcast clouds,0.0,0.0
288,Alofi,NU,2022-07-16 02:15:21,-19.0595,-169.9187,82.29,61,13,14.97,few clouds,0.0,0.0
289,Hoquiam,US,2022-07-16 02:17:26,46.9809,-123.8893,65.84,92,100,6.91,mist,0.0,0.0
290,Bitung,ID,2022-07-16 02:17:27,1.4451,125.1824,88.65,79,100,15.26,overcast clouds,0.0,0.0
291,Saint Paul,US,2022-07-16 02:13:23,44.9444,-93.0933,82.96,59,75,8.05,broken clouds,0.0,0.0
292,Esik,KZ,2022-07-16 02:17:27,43.3552,77.4525,76.42,29,0,4.81,clear sky,0.0,0.0
293,Kitimat,CA,2022-07-16 02:13:31,54.0524,-128.6534,54.91,24,100,3.0,overcast clouds,0.0,0.0
294,Qasigiannguit,GL,2022-07-16 02:17:27,68.8193,-51.1922,39.45,86,30,4.29,scattered clouds,0.0,0.0
295,Mocuba,MZ,2022-07-16 02:17:28,-16.8392,36.9856,57.18,93,4,4.79,clear sky,0.0,0.0
296,Isangel,VU,2022-07-16 02:16:03,-19.55,169.2667,73.51,68,100,13.8,overcast clouds,0.0,0.0
297,Namwala,ZM,2022-07-16 02:17:28,-15.7504,26.4384,54.68,58,1,4.72,clear sky,0.0,0.0
298,Ongandjera,NA,2022-07-16 02:17:28,-17.8833,15.0667,55.24,33,0,10.13,clear sky,0.0,0.0
299,Bull Savanna,JM,2022-07-16 02:17:29,17.8868,-77.5902,76.98,82,58,4.76,broken clouds,0.0,0.0
300,Ardabil,IR,2022-07-16 02:17:29,38.2498,48.2933,47.75,71,0,4.61,clear sky,0.0,0.0
301,Russkaya Polyana,UA,2022-07-16 02:17:29,49.417,31.9201,55.72,90,44,5.95,scattered clouds,0.0,0.0
302,Nanortalik,GL,2022-07-16 02:17:30,60.1432,-45.2371,40.5,92,100,10.09,overcast clouds,0.0,0.0
303,Kavieng,PG,2022-07-16 02:17:30,-2.5744,150.7967,84.11,68,56,8.14,broken clouds,0.0,0.0
304,Amurzet,RU,2022-07-16 02:17:30,47.6967,131.0981,67.44,84,98,11.45,overcast clouds,0.0,0.0
305,Atar,MR,2022-07-16 02:17:30,20.5169,-13.0499,89.08,34,0,7.38,clear sky,0.0,0.0
306,Sitka,US,2022-07-16 02:17:31,57.0531,-135.33,55.29,88,100,0.0,overcast clouds,0.0,0.0
307,Key West,US,2022-07-16 02:13:02,24.5557,-81.7826,87.8,33,20,9.22,few clouds,0.0,0.0
308,Shimoda,JP,2022-07-16 02:17:17,34.6667,138.95,75.56,95,100,3.56,moderate rain,0.0,0.0
309,Haines Junction,CA,2022-07-16 02:17:31,60.7522,-137.5108,64.35,48,100,6.91,overcast clouds,0.0,0.0
310,Dano,BF,2022-07-16 02:17:32,11.15,-3.0667,71.76,91,100,10.2,moderate rain,0.0,0.0
311,Constitucion,CL,2022-07-16 02:14:56,-35.3333,-72.4167,43.88,90,100,6.87,overcast clouds,0.0,0.0
312,Talnakh,RU,2022-07-16 02:17:32,69.4865,88.3972,65.21,49,4,0.83,clear sky,0.0,0.0
313,Madeji,PK,2022-07-16 02:17:32,27.7544,68.4526,82.42,81,95,7.67,overcast clouds,0.0,0.0
314,Cabras,IT,2022-07-16 02:17:33,39.93,8.5314,71.76,71,0,3.33,clear sky,0.0,0.0
315,Rexburg,US,2022-07-16 02:14:06,43.826,-111.7897,87.31,32,0,0.0,clear sky,0.0,0.0
316,Ponta Delgada,PT,2022-07-16 02:17:33,37.7333,-25.6667,70.5,83,20,4.61,few clouds,0.0,0.0
317,Port Hawkesbury,CA,2022-07-16 02:17:33,45.6169,-61.3485,60.39,94,20,4.0,few clouds,0.0,0.0
318,Resen,MK,2022-07-16 02:17:34,41.0889,21.0122,64.98,54,0,0.74,clear sky,0.0,0.0
319,Lata,PT,2022-07-16 02:17:34,40.1629,-8.3327,63.84,84,96,2.13,overcast clouds,0.0,0.0
320,Severobaykalsk,RU,2022-07-16 02:17:34,55.65,109.3167,51.55,96,100,2.13,light rain,0.0,0.0
321,Mogadishu,SO,2022-07-16 02:16:47,2.0371,45.3438,75.96,82,63,17.09,broken clouds,0.0,0.0
322,Hami,CN,2022-07-16 02:17:35,42.8,93.45,86.4,8,100,16.42,overcast clouds,0.0,0.0
323,Azul,AR,2022-07-16 02:17:35,-36.777,-59.8585,47.34,80,100,15.46,overcast clouds,0.0,0.0
324,Lucapa,AO,2022-07-16 02:17:35,-8.4192,20.7447,68.68,35,86,4.59,overcast clouds,0.0,0.0
325,San Luis,AR,2022-07-16 02:17:35,-33.295,-66.3356,35.56,97,100,8.43,overcast clouds,0.0,0.0
326,Steyr,AT,2022-07-16 02:17:36,48.0427,14.4213,58.51,86,100,0.45,overcast clouds,0.0,0.0
327,Georgetown,MY,2022-07-16 02:17:36,5.4112,100.3354,85.93,81,20,3.44,few clouds,0.0,0.0
328,Lima,PE,2022-07-16 02:17:36,-12.0432,-77.0282,59.25,82,100,12.66,overcast clouds,0.0,0.0
329,Otane,NZ,2022-07-16 02:17:37,-39.8833,176.6333,54.01,58,16,7.85,few clouds,0.0,0.0
330,Ponta Do Sol,PT,2022-07-16 02:17:37,32.6667,-17.1,69.71,81,10,3.69,clear sky,0.0,0.0
331,Aklavik,CA,2022-07-16 02:17:37,68.2191,-135.0107,61.29,40,85,8.48,overcast clouds,0.0,0.0
332,Muscle Shoals,US,2022-07-16 02:17:38,34.7448,-87.6675,81.14,73,0,1.01,clear sky,0.0,0.0
333,Batagay-Alyta,RU,2022-07-16 02:17:38,67.8006,130.4114,53.98,71,92,7.92,overcast clouds,0.0,0.0
334,Veinticinco De Mayo,AR,2022-07-16 02:17:38,-35.4323,-60.1727,48.97,89,30,5.99,scattered clouds,0.0,0.0
335,Kem,RU,2022-07-16 02:17:38,64.9555,34.5793,56.79,93,100,1.39,overcast clouds,0.0,0.0
336,Tilichiki,RU,2022-07-16 02:17:39,60.4667,166.1,55.96,74,94,9.4,overcast clouds,0.0,0.0
337,Yorosso,ML,2022-07-16 02:17:39,12.3536,-4.7761,72.27,91,100,9.46,moderate rain,0.0,0.0
338,Churapcha,RU,2022-07-16 02:17:39,62.0025,132.4325,80.65,57,38,2.26,scattered clouds,0.0,0.0
339,Ararangua,BR,2022-07-16 02:17:40,-28.9347,-49.4858,65.05,87,100,2.37,overcast clouds,0.0,0.0
340,Tombouctou,ML,2022-07-16 02:17:40,20.0,-3.0,92.16,10,3,7.27,clear sky,0.0,0.0
341,Ganzhou,CN,2022-07-16 02:17:40,28.8184,115.4327,91.87,59,100,8.3,overcast clouds,0.0,0.0
342,May Pen,JM,2022-07-16 02:17:41,17.9645,-77.2451,81.61,87,19,1.41,few clouds,0.0,0.0
343,Ruzhyn,UA,2022-07-16 02:17:41,49.7228,29.2046,54.39,79,57,5.01,broken clouds,0.0,0.0
344,Boffa,GN,2022-07-16 02:17:41,10.1667,-14.0333,77.5,94,100,2.04,overcast clouds,0.0,0.0
345,Ormara,PK,2022-07-16 02:17:42,25.2088,64.6357,83.34,82,100,8.19,overcast clouds,0.0,0.0
346,Lusambo,CD,2022-07-16 02:17:42,-4.9667,23.45,75.56,45,79,1.23,broken clouds,0.0,0.0
347,Ucluelet,CA,2022-07-16 02:15:18,48.9329,-125.5528,57.09,93,100,5.59,overcast clouds,0.0,0.0
348,Howard Springs,AU,2022-07-16 02:17:42,-12.497,131.047,77.99,58,69,10.94,broken clouds,0.0,0.0
349,Bubaque,GW,2022-07-16 02:17:43,11.2833,-15.8333,80.2,81,97,12.71,overcast clouds,0.0,0.0
350,Grand Gaube,MU,2022-07-16 02:17:43,-20.0064,57.6608,70.38,74,99,5.99,overcast clouds,0.0,0.0
351,Kieta,PG,2022-07-16 02:17:43,-6.2167,155.6333,84.76,67,87,6.73,light rain,0.0,0.0
352,Vila Franca Do Campo,PT,2022-07-16 02:17:43,37.7167,-25.4333,70.2,91,61,9.73,light rain,0.0,0.0
353,Bathsheba,BB,2022-07-16 02:17:44,13.2167,-59.5167,83.01,89,75,16.11,broken clouds,0.0,0.0
354,Kharovsk,RU,2022-07-16 02:17:44,59.9642,40.1912,51.28,96,24,6.24,few clouds,0.0,0.0
355,Palmer,US,2022-07-16 02:17:44,42.1584,-72.3287,71.15,76,0,4.61,clear sky,0.0,0.0
356,Lasa,IT,2022-07-16 02:17:45,46.6166,10.7002,67.08,90,2,3.47,clear sky,0.0,0.0
357,Arbagar,RU,2022-07-16 02:17:45,51.9438,116.2805,65.73,90,100,6.06,light rain,0.0,0.0
358,Mikumi,TZ,2022-07-16 02:17:45,-7.4041,36.9831,63.34,91,81,2.53,broken clouds,0.0,0.0
359,Grantham,GB,2022-07-16 02:17:46,52.9115,-0.6418,55.69,82,9,5.75,clear sky,0.0,0.0
360,Kapit,MY,2022-07-16 02:17:46,2.0167,112.9333,84.92,69,90,2.15,overcast clouds,0.0,0.0
361,Saint-Augustin,CA,2022-07-16 02:17:46,51.226,-58.6502,55.8,85,85,8.9,overcast clouds,0.0,0.0
362,Port Hedland,AU,2022-07-16 02:17:46,-20.3167,118.5667,75.25,17,0,13.8,clear sky,0.0,0.0
363,Sawtell,AU,2022-07-16 02:17:47,-30.3833,153.1,67.19,45,100,11.5,overcast clouds,0.0,0.0
364,Nova Vicosa,BR,2022-07-16 02:17:47,-17.8919,-39.3719,71.22,80,95,7.38,overcast clouds,0.0,0.0
365,Warwick,US,2022-07-16 02:17:47,41.7001,-71.4162,71.29,75,20,5.75,few clouds,0.0,0.0
366,Boralday,KZ,2022-07-16 02:17:48,43.3578,76.8594,80.46,36,0,0.0,clear sky,0.0,0.0
367,Erzin,TR,2022-07-16 02:17:48,36.9559,36.2,74.28,87,35,2.15,scattered clouds,0.0,0.0
368,Maun,BW,2022-07-16 02:17:48,-19.9833,23.4167,58.96,51,0,12.66,clear sky,0.0,0.0
369,Vicente Guerrero,MX,2022-07-16 02:17:49,19.1194,-98.1708,56.59,85,100,4.09,overcast clouds,0.0,0.0
370,Limot,PH,2022-07-16 02:17:49,7.0405,126.2727,85.87,63,100,3.24,moderate rain,0.0,0.0
371,Paamiut,GL,2022-07-16 02:17:49,61.994,-49.6678,40.03,83,100,2.33,overcast clouds,0.0,0.0
372,Nioro,GM,2022-07-16 02:17:50,13.35,-15.75,79.38,84,100,6.24,overcast clouds,0.0,0.0
373,Savonlinna,FI,2022-07-16 02:17:50,61.8699,28.88,55.45,94,40,6.91,scattered clouds,0.0,0.0
374,Isla Mujeres,MX,2022-07-16 02:17:50,21.2311,-86.731,82.45,80,84,9.8,broken clouds,0.0,0.0
375,Evensk,RU,2022-07-16 02:17:50,61.95,159.2333,65.03,65,10,12.03,clear sky,0.0,0.0
376,Cape Coast,GH,2022-07-16 02:17:51,5.1053,-1.2466,75.02,90,100,11.43,light rain,0.0,0.0
377,Vila Do Maio,CV,2022-07-16 02:17:51,15.1333,-23.2167,75.99,82,20,6.53,few clouds,0.0,0.0
378,Staraya Poltavka,RU,2022-07-16 02:17:51,50.4772,46.4814,65.77,67,0,1.86,clear sky,0.0,0.0
379,Verkhnyaya Toyma,RU,2022-07-16 02:17:52,62.2349,44.9985,59.22,97,99,3.56,overcast clouds,0.0,0.0
380,Namatanai,PG,2022-07-16 02:17:52,-3.6667,152.4333,84.47,66,84,4.83,broken clouds,0.0,0.0
381,Cap Malheureux,MU,2022-07-16 02:17:52,-19.9842,57.6142,70.47,74,98,5.99,overcast clouds,0.0,0.0
382,Walvis Bay,NA,2022-07-16 02:17:53,-22.9575,14.5053,72.55,21,0,17.27,clear sky,0.0,0.0
383,Nelson Bay,AU,2022-07-16 02:13:06,-32.7167,152.15,60.12,64,100,7.0,overcast clouds,0.0,0.0
384,Kamiiso,JP,2022-07-16 02:17:53,41.8167,140.65,64.78,94,75,18.41,broken clouds,0.0,0.0
385,Narsaq,GL,2022-07-16 02:17:53,60.9167,-46.05,48.42,89,100,6.2,overcast clouds,0.0,0.0
386,Marawi,PH,2022-07-16 02:17:53,7.9986,124.2928,81.16,65,50,2.08,scattered clouds,0.0,0.0
387,Biak,ID,2022-07-16 02:17:54,-0.9131,122.8766,76.55,84,100,8.37,overcast clouds,0.0,0.0
388,Zhaotong,CN,2022-07-16 02:17:54,27.3167,103.7167,73.65,67,100,4.65,overcast clouds,0.0,0.0
389,Cocorit,MX,2022-07-16 02:17:54,27.5833,-109.9667,88.14,59,100,10.89,overcast clouds,0.0,0.0
390,Salinas,US,2022-07-16 02:14:59,36.6777,-121.6555,83.21,72,0,16.11,clear sky,0.0,0.0
391,Lebu,CL,2022-07-16 02:17:55,-37.6167,-73.65,44.26,82,26,2.64,scattered clouds,0.0,0.0
392,Muros,ES,2022-07-16 02:17:55,42.7762,-9.0603,67.15,92,28,0.45,scattered clouds,0.0,0.0
393,Te Anau,NZ,2022-07-16 02:17:55,-45.4167,167.7167,42.82,78,17,2.66,few clouds,0.0,0.0
394,Kailua,US,2022-07-16 02:16:23,21.4022,-157.7394,84.18,71,0,12.66,clear sky,0.0,0.0
395,Codrington,AU,2022-07-16 02:17:56,-38.2667,141.9667,52.48,58,100,23.49,overcast clouds,0.0,0.0
396,Edson,CA,2022-07-16 02:15:17,53.5835,-116.4356,78.91,38,0,9.22,clear sky,0.0,0.0
397,Xintai,CN,2022-07-16 02:17:56,35.9006,117.7519,84.61,66,98,2.77,overcast clouds,0.0,0.0
398,Adeje,ES,2022-07-16 02:17:57,28.1227,-16.726,73.87,78,40,8.05,scattered clouds,0.0,0.0
399,Shanting,CN,2022-07-16 02:16:09,35.0753,117.4578,85.21,73,100,4.18,moderate rain,0.0,0.0
400,Shumskiy,RU,2022-07-16 02:17:57,54.8318,99.1328,61.74,67,61,2.3,light rain,0.0,0.0
401,Machiques,VE,2022-07-16 02:17:57,10.0644,-72.545,77.41,76,17,7.02,few clouds,0.0,0.0
402,Osmanabad,IN,2022-07-16 02:15:12,18.1667,76.05,71.53,91,100,11.14,overcast clouds,0.0,0.0
403,Makarov,RU,2022-07-16 02:17:58,48.6333,142.8,59.34,72,71,7.38,broken clouds,0.0,0.0
404,Mecca,SA,2022-07-16 02:16:19,21.4267,39.8261,85.44,35,79,4.97,broken clouds,0.0,0.0
405,Jablanica,BA,2022-07-16 02:17:58,43.6603,17.7617,66.33,81,0,5.46,clear sky,0.0,0.0
406,Namtsy,RU,2022-07-16 02:17:58,62.7161,129.6658,81.68,53,91,2.8,overcast clouds,0.0,0.0
407,Athabasca,CA,2022-07-16 02:17:59,54.7169,-113.2854,73.81,75,69,5.44,broken clouds,0.0,0.0
408,Bonavista,CA,2022-07-16 02:17:59,48.6499,-53.1147,55.71,97,89,2.46,overcast clouds,0.0,0.0
409,Saint Anthony,US,2022-07-16 02:17:59,45.0205,-93.218,82.33,65,0,8.05,clear sky,0.0,0.0
410,Bengkulu,ID,2022-07-16 02:18:00,-3.8004,102.2655,79.45,81,100,1.99,overcast clouds,0.0,0.0
411,Anadyr,RU,2022-07-16 02:18:00,64.75,177.4833,57.7,58,20,13.42,few clouds,0.0,0.0
412,Jinka,ET,2022-07-16 02:18:00,5.65,36.65,63.12,77,95,3.96,overcast clouds,0.0,0.0
413,Matara,LK,2022-07-16 02:18:01,5.9485,80.5353,78.62,84,100,8.95,overcast clouds,0.0,0.0
414,Pilar,BR,2022-07-16 02:18:01,-9.5972,-35.9567,75.13,95,29,2.19,scattered clouds,0.0,0.0
415,Sibolga,ID,2022-07-16 02:14:51,1.7427,98.7792,83.64,67,84,0.31,broken clouds,0.0,0.0
416,Los Llanos De Aridane,ES,2022-07-16 02:18:01,28.6585,-17.9182,66.13,95,40,11.5,scattered clouds,0.0,0.0
417,Pokosnoye,RU,2022-07-16 02:18:02,55.5258,101.0536,63.34,57,79,0.16,broken clouds,0.0,0.0
418,Burnie,AU,2022-07-16 02:18:02,-41.0667,145.9167,50.94,77,100,20.15,moderate rain,0.0,0.0
419,Nikolskoye,RU,2022-07-16 02:18:02,59.7035,30.7861,55.8,95,61,6.89,broken clouds,0.0,0.0
420,Worland,US,2022-07-16 02:18:03,44.0169,-107.9554,81.61,31,20,11.5,few clouds,0.0,0.0
421,Mabaruma,GY,2022-07-16 02:18:03,8.2,-59.7833,73.18,99,94,2.66,overcast clouds,0.0,0.0
422,Kota Kinabalu,MY,2022-07-16 02:18:03,5.9749,116.0724,85.98,70,20,3.44,few clouds,0.0,0.0
423,Boyolangu,ID,2022-07-16 02:18:04,-8.1181,111.8935,79.0,83,78,7.09,broken clouds,0.0,0.0
424,The Valley,AI,2022-07-16 02:18:04,18.217,-63.0578,82.26,82,2,21.32,clear sky,0.0,0.0
425,Carinhanha,BR,2022-07-16 02:18:04,-14.3047,-43.765,68.2,51,79,2.89,broken clouds,0.0,0.0
426,Sojitra,IN,2022-07-16 02:18:04,22.55,72.7167,80.98,85,100,13.51,overcast clouds,0.0,0.0
427,Itarema,BR,2022-07-16 02:18:05,-2.9248,-39.9167,78.19,79,42,11.59,scattered clouds,0.0,0.0
428,Paita,PE,2022-07-16 02:18:05,-5.0892,-81.1144,63.27,80,0,19.55,clear sky,0.0,0.0
429,Uyuni,BO,2022-07-16 02:18:05,-20.4597,-66.825,32.49,22,5,14.18,clear sky,0.0,0.0
430,Elban,RU,2022-07-16 02:18:06,50.1018,136.5094,76.89,54,91,9.53,overcast clouds,0.0,0.0
431,Mbandaka,CD,2022-07-16 02:18:06,0.0487,18.2603,71.56,78,18,1.28,few clouds,0.0,0.0
432,Meadow Lake,US,2022-07-16 02:15:17,34.8014,-106.5436,90.88,32,37,13.02,scattered clouds,0.0,0.0
433,Japura,ID,2022-07-16 02:18:07,-0.3167,102.35,81.72,76,62,3.49,broken clouds,0.0,0.0
434,Port Hardy,CA,2022-07-16 02:15:17,50.6996,-127.4199,55.58,94,75,3.44,broken clouds,0.0,0.0
435,Marysville,US,2022-07-16 02:15:18,48.0518,-122.1771,78.71,64,100,5.75,overcast clouds,0.0,0.0
436,Poitiers,FR,2022-07-16 02:18:07,46.5833,0.3333,63.01,51,0,5.75,clear sky,0.0,0.0
437,Okha,RU,2022-07-16 02:18:07,53.5739,142.9478,65.5,64,99,14.05,overcast clouds,0.0,0.0
438,Faya,SA,2022-07-16 02:18:08,18.3851,42.4509,68.52,41,94,7.0,overcast clouds,0.0,0.0
439,Yatou,CN,2022-07-16 02:18:08,37.15,122.3833,81.45,62,23,11.3,few clouds,0.0,0.0
440,Hit,IQ,2022-07-16 02:17:09,33.6416,42.8251,88.65,28,0,16.22,clear sky,0.0,0.0
441,Mopti,ML,2022-07-16 02:18:08,14.6667,-4.0,82.44,78,0,11.5,clear sky,0.0,0.0
442,Goure,NE,2022-07-16 02:18:09,13.9835,10.2704,78.3,71,100,0.34,overcast clouds,0.0,0.0
443,Vestmannaeyjar,IS,2022-07-16 02:18:09,63.4427,-20.2734,53.06,93,100,31.27,overcast clouds,0.0,0.0
444,Half Moon Bay,US,2022-07-16 02:13:47,37.4636,-122.4286,75.58,77,100,17.27,mist,0.0,0.0
445,Ancud,CL,2022-07-16 02:18:09,-41.8697,-73.8203,40.23,79,0,2.73,clear sky,0.0,0.0
446,Long Beach,US,2022-07-16 02:13:39,33.767,-118.1892,86.95,80,0,13.8,clear sky,0.0,0.0
447,Khingansk,RU,2022-07-16 02:18:10,49.1167,131.1833,68.76,65,88,8.46,light rain,0.0,0.0
448,Mutata,CO,2022-07-16 02:18:10,7.2441,-76.4356,75.81,96,50,0.63,scattered clouds,0.0,0.0
449,Abu Zabad,SD,2022-07-16 02:18:11,12.35,29.25,73.47,82,83,6.96,broken clouds,0.0,0.0
450,Tena,EC,2022-07-16 02:18:11,-0.9833,-77.8167,69.15,99,72,3.02,moderate rain,0.0,0.0
451,Syracuse,IT,2022-07-16 02:18:11,37.0881,15.2792,72.99,53,0,3.78,clear sky,0.0,0.0
452,Broome,US,2022-07-16 02:18:12,42.2506,-75.833,66.02,68,95,3.33,overcast clouds,0.0,0.0
453,Yarada,IN,2022-07-16 02:18:12,17.65,83.2667,80.92,94,75,3.44,mist,0.0,0.0
454,Vestmanna,FO,2022-07-16 02:18:12,62.1564,-7.1664,47.32,93,100,8.05,overcast clouds,0.0,0.0
455,Dudinka,RU,2022-07-16 02:15:19,69.4058,86.1778,65.62,56,0,8.3,clear sky,0.0,0.0
456,Baykit,RU,2022-07-16 02:18:13,61.67,96.37,53.13,92,100,1.32,light rain,0.0,0.0
457,Marzuq,YE,2022-07-16 02:18:13,14.4,46.4667,77.02,57,100,6.24,overcast clouds,0.0,0.0
458,Carahue,CL,2022-07-16 02:18:13,-38.7,-73.1667,37.35,93,46,1.39,scattered clouds,0.0,0.0
459,Riyadh,SA,2022-07-16 02:14:48,24.6877,46.7219,86.14,13,4,10.58,clear sky,0.0,0.0
460,Tezu,IN,2022-07-16 02:18:14,27.9167,96.1667,89.76,62,6,1.92,clear sky,0.0,0.0
461,Pacov,CZ,2022-07-16 02:18:14,49.4708,15.0017,50.68,92,57,3.53,broken clouds,0.0,0.0
462,Ayr,GB,2022-07-16 02:13:18,55.4627,-4.6339,50.31,89,24,3.29,few clouds,0.0,0.0
463,Abu Samrah,SY,2022-07-16 02:18:14,35.3029,37.1841,71.24,72,0,16.22,clear sky,0.0,0.0
464,Dicabisagan,PH,2022-07-16 02:18:15,17.0818,122.4157,88.72,66,99,5.79,overcast clouds,0.0,0.0
465,Chicama,PE,2022-07-16 02:18:15,-7.8447,-79.1469,59.54,85,13,6.76,few clouds,0.0,0.0
466,Pangody,RU,2022-07-16 02:18:15,65.85,74.4859,63.77,48,0,10.78,clear sky,0.0,0.0
467,Mrakovo,RU,2022-07-16 02:18:16,52.7161,56.6244,61.32,92,4,5.66,clear sky,0.0,0.0
468,Alihe,CN,2022-07-16 02:18:16,50.5667,123.7167,71.64,91,100,3.87,light rain,0.0,0.0
469,Haysville,US,2022-07-16 02:14:45,37.5645,-97.3523,95.27,35,0,11.5,clear sky,0.0,0.0
470,Rio Grande,BR,2022-07-16 02:18:16,-32.035,-52.0986,57.94,98,59,6.38,broken clouds,0.0,0.0
471,Lunca Cernii De Jos,RO,2022-07-16 02:18:17,45.6333,22.6167,62.55,46,100,2.24,overcast clouds,0.0,0.0
472,Medea,DZ,2022-07-16 02:18:17,36.2642,2.7539,71.47,31,0,3.06,clear sky,0.0,0.0
473,Iqaluit,CA,2022-07-16 02:18:17,63.7506,-68.5145,60.53,55,75,16.11,broken clouds,0.0,0.0
474,Camacha,PT,2022-07-16 02:18:17,33.0833,-16.3333,65.62,77,75,8.05,broken clouds,0.0,0.0
475,Chumphon,TH,2022-07-16 02:18:18,10.3333,98.8333,75.4,89,100,4.38,light rain,0.0,0.0
476,Batemans Bay,AU,2022-07-16 02:18:18,-35.7167,150.1833,57.61,41,100,5.12,overcast clouds,0.0,0.0
477,Haicheng,CN,2022-07-16 02:18:19,40.8516,122.7475,72.79,85,77,11.45,broken clouds,0.0,0.0
478,Boende,CD,2022-07-16 02:18:19,-0.2167,20.8667,71.26,89,43,2.06,light rain,0.0,0.0
479,Sal Rei,CV,2022-07-16 02:18:19,16.1833,-22.9167,74.75,84,25,10.69,scattered clouds,0.0,0.0
480,Nagato,JP,2022-07-16 02:18:19,34.3833,131.2,77.47,86,100,6.04,overcast clouds,0.0,0.0
481,Kemijarvi,FI,2022-07-16 02:18:20,66.7131,27.4306,53.33,97,100,4.23,light rain,0.0,0.0
482,Santa Rosa,PH,2022-07-16 02:18:20,14.3122,121.1114,88.11,74,46,2.95,scattered clouds,0.0,0.0
483,Merauke,ID,2022-07-16 02:18:20,-8.4667,140.3333,78.67,68,94,13.67,overcast clouds,0.0,0.0
484,Emba,KZ,2022-07-16 02:18:21,48.8264,58.1442,73.13,45,0,8.95,clear sky,0.0,0.0
485,Boa Vista,BR,2022-07-16 02:18:21,2.8197,-60.6733,76.98,83,0,4.61,clear sky,0.0,0.0
486,Ravar,IR,2022-07-16 02:17:09,31.2656,56.8055,77.36,14,0,8.32,clear sky,0.0,0.0
487,Sao Sebastiao,BR,2022-07-16 02:18:22,-23.76,-45.4097,71.38,65,70,4.61,broken clouds,0.0,0.0
488,College,US,2022-07-16 02:18:22,64.8569,-147.8028,64.58,74,100,5.75,light rain,0.0,0.0
489,Uvinza,TZ,2022-07-16 02:18:22,-5.1036,30.3911,65.8,57,76,2.84,broken clouds,0.0,0.0
490,Haradok,BY,2022-07-16 02:18:23,55.4624,29.9816,48.31,96,82,9.55,broken clouds,0.0,0.0
491,Braunau,CZ,2022-07-16 02:18:23,50.5857,16.3318,52.3,82,40,2.51,scattered clouds,0.0,0.0
492,Curug,ID,2022-07-16 02:18:23,-6.2658,106.5564,73.78,100,75,12.66,moderate rain,0.0,0.0
493,Bagdarin,RU,2022-07-16 02:18:23,54.4333,113.6,63.03,84,100,3.33,overcast clouds,0.0,0.0
494,Xai-Xai,MZ,2022-07-16 02:18:24,-25.0519,33.6442,66.16,77,48,10.92,light rain,0.0,0.0
495,Cap-Aux-Meules,CA,2022-07-16 02:18:24,47.3821,-61.8597,59.05,88,40,9.22,scattered clouds,0.0,0.0
496,Viedma,AR,2022-07-16 02:18:24,-40.8135,-62.9967,43.81,79,100,13.42,overcast clouds,0.0,0.0
497,Trairi,BR,2022-07-16 02:14:44,-3.2778,-39.2689,77.32,81,16,8.81,few clouds,0.0,0.0
498,Vilaka,LV,2022-07-16 02:18:25,57.1846,27.6722,48.0,98,87,7.74,overcast clouds,0.0,0.0
499,Ozark,US,2022-07-16 02:18:25,37.0209,-93.206,88.25,56,0,8.57,clear sky,0.0,0.0
500,Okhotsk,RU,2022-07-16 02:18:25,59.3833,143.3,62.6,81,100,6.8,overcast clouds,0.0,0.0
501,Sabang,ID,2022-07-16 02:18:26,5.8933,95.3214,82.65,76,83,19.04,broken clouds,0.0,0.0
502,Mnogovershinnyy,RU,2022-07-16 02:18:26,53.9353,139.9242,77.2,42,11,3.69,few clouds,0.0,0.0
503,Santiago De Cao,PE,2022-07-16 02:18:26,-7.9589,-79.2392,60.93,88,100,9.22,mist,0.0,0.0
504,Santa Isabel Do Rio Negro,BR,2022-07-16 02:18:27,-0.4139,-65.0192,73.44,96,92,2.59,overcast clouds,0.0,0.0
505,Wanning,CN,2022-07-16 02:18:27,18.8003,110.3967,87.44,73,98,9.44,overcast clouds,0.0,0.0
506,Aasiaat,GL,2022-07-16 02:18:27,68.7098,-52.8699,36.57,94,15,10.92,few clouds,0.0,0.0
507,Beyneu,KZ,2022-07-16 02:18:28,45.3167,55.2,83.41,27,0,8.01,clear sky,0.0,0.0
508,Seydi,TM,2022-07-16 02:18:28,39.4816,62.9137,84.15,13,0,10.47,clear sky,0.0,0.0
509,Guerrero Negro,MX,2022-07-16 02:18:28,27.9769,-114.0611,68.83,78,17,18.68,few clouds,0.0,0.0
510,Gamba,GA,2022-07-16 02:18:28,-2.65,10.0,70.5,91,100,3.44,overcast clouds,0.0,0.0
511,Miragoane,HT,2022-07-16 02:18:29,18.4423,-73.0876,80.33,76,47,1.28,scattered clouds,0.0,0.0
512,Aqtobe,KZ,2022-07-16 02:18:29,50.2797,57.2072,66.29,63,0,6.71,clear sky,0.0,0.0
513,Ambon,ID,2022-07-16 02:18:29,-3.6954,128.1814,77.14,94,40,4.61,scattered clouds,0.0,0.0
514,Qingdao,CN,2022-07-16 02:15:49,36.0986,120.3719,91.0,58,73,4.47,broken clouds,0.0,0.0
515,Sham Churasi,IN,2022-07-16 02:18:30,31.4997,75.7494,85.33,55,30,1.43,scattered clouds,0.0,0.0
516,Inuvik,CA,2022-07-16 02:18:30,68.3499,-133.7218,59.86,47,75,8.05,broken clouds,0.0,0.0
517,Berlevag,NO,2022-07-16 02:18:30,70.8578,29.0864,53.6,87,100,6.91,overcast clouds,0.0,0.0
518,Pangnirtung,CA,2022-07-16 02:18:31,66.1451,-65.7125,58.5,52,9,3.49,clear sky,0.0,0.0
519,Santa Lucia,ES,2022-07-16 02:18:31,27.9117,-15.5407,63.72,73,40,23.02,scattered clouds,0.0,0.0
520,Okato,NZ,2022-07-16 02:18:31,-39.2,173.8833,49.68,70,30,12.3,scattered clouds,0.0,0.0
521,Olafsvik,IS,2022-07-16 02:18:32,64.8945,-23.7142,50.88,89,100,19.39,light rain,0.0,0.0
522,Maceio,BR,2022-07-16 02:18:32,-9.6658,-35.7353,76.44,83,75,3.44,broken clouds,0.0,0.0
523,Scottsbluff,US,2022-07-16 02:18:32,41.8666,-103.6672,76.28,64,20,6.91,light rain,0.0,0.0
524,Dakar,SN,2022-07-16 02:18:33,14.6937,-17.4441,79.68,86,72,11.03,broken clouds,0.0,0.0
525,Waynesville,US,2022-07-16 02:18:33,35.4887,-82.9887,70.88,87,25,3.0,scattered clouds,0.0,0.0
526,Baoding,CN,2022-07-16 02:18:33,38.8511,115.4903,81.86,66,100,4.43,overcast clouds,0.0,0.0
527,Kamaishi,JP,2022-07-16 02:18:34,39.2667,141.8833,70.61,99,100,11.3,light rain,0.0,0.0
528,Hun,LY,2022-07-16 02:18:34,29.1268,15.9477,73.42,54,0,6.78,clear sky,0.0,0.0
529,Coahuayana,MX,2022-07-16 02:18:34,18.7333,-103.6833,78.64,83,99,1.14,overcast clouds,0.0,0.0
530,Coaticook,CA,2022-07-16 02:18:34,45.1334,-71.7991,59.67,79,88,3.38,overcast clouds,0.0,0.0
531,Kamenka,RU,2022-07-16 02:18:35,51.3223,42.7678,61.59,71,0,7.29,clear sky,0.0,0.0
532,Mount Gambier,AU,2022-07-16 02:18:35,-37.8333,140.7667,51.57,51,100,14.97,light rain,0.0,0.0
533,Farafangana,MG,2022-07-16 02:18:35,-22.8167,47.8333,63.23,93,20,5.86,few clouds,0.0,0.0
534,Solnechnyy,RU,2022-07-16 02:18:36,50.7214,136.6319,78.13,53,26,5.93,scattered clouds,0.0,0.0
535,Samastipur,IN,2022-07-16 02:18:36,25.85,85.7833,90.97,53,5,13.06,clear sky,0.0,0.0
536,Ailigandi,PA,2022-07-16 02:18:36,9.2333,-78.0167,79.74,85,51,7.36,broken clouds,0.0,0.0
537,Vermilion,US,2022-07-16 02:15:20,40.1667,-87.7506,73.99,94,100,4.61,overcast clouds,0.0,0.0
538,Kostomuksha,RU,2022-07-16 02:18:37,64.571,30.5767,51.46,85,98,0.98,overcast clouds,0.0,0.0
539,Yenagoa,NG,2022-07-16 02:18:37,4.9247,6.2642,73.62,91,100,3.8,overcast clouds,0.0,0.0
540,Torres,BR,2022-07-16 02:18:37,-29.3353,-49.7269,74.82,88,100,2.71,light rain,0.0,0.0
541,Handia,IN,2022-07-16 02:18:38,25.3833,82.1833,91.99,50,45,12.64,scattered clouds,0.0,0.0
542,Vincennes,FR,2022-07-16 02:18:38,48.85,2.4333,62.89,63,0,5.75,clear sky,0.0,0.0
543,Puerto Princesa,PH,2022-07-16 02:18:38,9.7392,118.7353,85.98,74,40,9.22,scattered clouds,0.0,0.0
544,Garowe,SO,2022-07-16 02:18:39,8.4054,48.4845,74.32,66,73,25.05,broken clouds,0.0,0.0
545,Obo,CF,2022-07-16 02:18:39,5.3998,26.4869,66.29,98,100,1.23,overcast clouds,0.0,0.0
546,Moyobamba,PE,2022-07-16 02:18:39,-6.05,-76.9667,66.78,97,25,1.03,scattered clouds,0.0,0.0
547,Rondonopolis,BR,2022-07-16 02:18:40,-16.4708,-54.6356,75.22,45,100,2.19,overcast clouds,0.0,0.0
548,Delesti,RO,2022-07-16 02:18:40,46.7,27.55,59.32,88,56,8.1,broken clouds,0.0,0.0
549,Houma,US,2022-07-16 02:14:14,29.5958,-90.7195,80.01,90,0,0.0,clear sky,0.0,0.0
550,Henties Bay,NA,2022-07-16 02:18:41,-22.116,14.2845,71.69,29,0,18.99,clear sky,0.0,0.0
551,Tiksi,RU,2022-07-16 02:18:41,71.6872,128.8694,41.5,77,99,3.85,overcast clouds,0.0,0.0
552,Puerto Escondido,MX,2022-07-16 02:18:41,15.85,-97.0667,81.43,65,75,5.75,broken clouds,0.0,0.0
553,Brigantine,US,2022-07-16 02:18:41,39.4101,-74.3646,75.15,93,40,4.61,scattered clouds,0.0,0.0
554,Bezenchuk,RU,2022-07-16 02:18:42,52.982,49.4333,61.9,83,0,6.2,clear sky,0.0,0.0
555,Ramos Arizpe,MX,2022-07-16 02:18:42,25.55,-100.9667,75.49,47,40,0.0,scattered clouds,0.0,0.0
556,Sola,VU,2022-07-16 02:18:42,-13.8833,167.55,79.9,75,20,19.82,few clouds,0.0,0.0
557,Vredendal,ZA,2022-07-16 02:18:43,-31.6683,18.5012,60.67,40,6,9.64,clear sky,0.0,0.0
558,Roald,NO,2022-07-16 02:18:43,62.5833,6.1333,54.75,81,100,9.22,overcast clouds,0.0,0.0
559,Villarrica,PY,2022-07-16 02:18:43,-25.75,-56.4333,77.94,57,100,8.01,light rain,0.0,0.0
560,Kerema,PG,2022-07-16 02:18:43,-7.9631,145.7785,78.55,70,100,6.08,overcast clouds,0.0,0.0
561,Lloydminster,CA,2022-07-16 02:15:52,53.2835,-110.0016,79.02,69,20,10.36,few clouds,0.0,0.0
562,Accra,GH,2022-07-16 02:13:47,5.556,-0.1969,75.07,89,100,10.47,light rain,0.0,0.0
563,Avera,US,2022-07-16 02:18:44,33.194,-82.5271,77.05,69,86,5.88,overcast clouds,0.0,0.0
